<?xml version="1.0" encoding="UTF-8"?>
<project-private xmlns="http://www.netbeans.org/ns/project-private/1">
    <editor-bookmarks xmlns="http://www.netbeans.org/ns/editor-bookmarks/2" lastBookmarkId="0"/>
    <open-files xmlns="http://www.netbeans.org/ns/projectui-open-files/2">
        <group>
            <file>file:/E:/custmailappquestion-master/src/customermailapplication/Customer.java</file>
            <file>file:/E:/custmailappquestion-master/src/Foot/Foot.java</file>
            <file>file:/E:/custmailappquestion-master/src/Foot/FootShape.java</file>
            <file>file:/E:/custmailappquestion-master/src/Foot/Rectangle.java</file>
            <file>file:/E:/custmailappquestion-master/src/customermailapplication/CustomerMailApplication.java</file>
            <file>file:/E:/custmailappquestion-master/src/Foot/Ellipse.java</file>
        </group>
    </open-files>
</project-private>
